,Station,Elevation (ft),Coordinate East,Coordinate North
0,1,159,6.7844444444444445,6.101666666666667
1,2,146,6.783611111111111,6.100833333333333
2,3,150,6.801944444444445,6.1002777777777775
3,4,162,6.784722222222222,6.1002777777777775
4,5,36,6.7844444444444445,6.101944444444444
5,6,166,6.784166666666667,6.1002777777777775
6,7,163,6.785555555555556,6.101944444444444
7,8,144,6.7844444444444445,6.100555555555555
8,9,132,6.783888888888889,6.100555555555555
9,10,156,6.785555555555556,6.101666666666667
